id_feu,unidad_regional,siniestro_fecha,siniestro_hora,provincia,id_provincia,departamento,id_departamento,localidad,zona_ocurrencia,via_publica,nombre_via,altura_km,entre_calle_1,entre_calle_2,latitud,longitud,ilesos,heridos,fallecidos,vehiculos,peatones,tipo_siniestro_multiple,tipo_siniestro_unico,despiste_previo,tipo_siniestro_otro,tipo_colision,cantidad_de_involucrados,trazado_via,configuracion_de_la_via,configuracion_de_la_via_otro_tipo,pendiente_declive,cono_de_vision,material_de_la_calzada,material_de_la_calzada_otro,estado_de_la_calzada,estado_fisico_ambiental,estado_de_conservacion_otro,division_fisica_de_la_via,division_fisica_de_la_via_otro,barreras_de_seguridad,banquinas,senalizacion_carteleria,senalizacion_horizontal,senalizacion_transitoria,luminosidad,luz_artificial,transito_restringido,estado_ambiental,visibilidad,visibilidad_otro,semaforo
87518,OBSERVATORIO VIAL,2020-08-01,12:00:00,CORRIENTES,18,CAPITAL,21,CORRIENTES,Urbana,Avenida,AV 3 DE ABRIL,1000,LA RIOJA,,-2.747.539,-5.883.896,1,1,0,2,0,Colisión entre vehículos,Colisión entre vehículos,S/D,,Angulo,2,Recta,Intersección / cruce,,NO,,Asfalto,,Apto,Seca,,Ninguna,,,,Si,Si,No,Día,NO,Sin Restricción,Despejado,Buena,,Funciona
79701,OBSERVATORIO VIAL,2020-08-01,10:50:00,CORRIENTES,18,CAPITAL,21,CORRIENTES,Urbana,Avenida,AV INDEPENDENCIA,3700,TACUARI,,-2.747.952,-5.880.636,0,1,0,1,0,Caída desde vehículo,Caída desde vehículo,S/D,,,1,Recta,Intersección / cruce,,NO,,Hormigón,,Apto,Seca,,Cordón Divisorio,,,,Si,Si,No,Día,NO,Sin Restricción,,Buena,,Funciona
87717,OBSERVATORIO VIAL,2020-08-01,19:20:00,CORRIENTES,18,CAPITAL,21,CORRIENTES,Urbana,Avenida,AV PAYSANDU,3500,FRAY MARTI Y PORTO,,-2.750.640,-5.882.634,1,1,0,2,0,"Atropello a animal/es, Colisión entre vehículos",Colisión entre vehículos,S/D,,,2,Recta,Intersección / cruce,,NO,,Asfalto,,Apto,Seca,,Ninguna,,,,Si,Si,No,Atardecer,SI,Sin Restricción,Despejado,Buena,,Funciona
81040,OBSERVATORIO VIAL,2020-08-01,18:45:00,CORRIENTES,18,CAPITAL,21,CORRIENTES,Urbana,Calle,RIO LIMAY,1435,MAGALLANES,,-2.749.322,-5.883.571,2,0,0,2,0,Colisión entre vehículos,Colisión entre vehículos,S/D,,Angulo,2,Recta,Intersección / cruce,,NO,,Hormigón,,Apto,Seca,,Ninguna,,,,No,No,No,Día,NO,Sin Restricción,Despejado,Buena,,Sin Semáforo
74222,OBSERVATORIO VIAL,2020-08-01,11:46:00,CORRIENTES,18,CAPITAL,21,CORRIENTES,Urbana,Avenida,AV 3 DE ABRIL,1100,SAN JUAN,,-2.747.555,-5.883.762,2,1,0,2,0,Colisión entre vehículos,Colisión entre vehículos,S/D,,Alcance,2,Recta,Intersección / cruce,,NO,,Asfalto,,Apto,Seca,,Ninguna,,,,Si,S/D,S/D,Día,NO,Sin Restricción,Despejado,Buena,,Funciona
84423,OBSERVATORIO VIAL,2020-07-31,11:39:00,CORRIENTES,18,CAPITAL,21,CORRIENTES,Urbana,Avenida,AV CHACABUCO,1200,ESTADO DE ISRAEL,,-2.747.330,-5.881.335,2,0,0,2,0,Colisión entre vehículos,Colisión entre vehículos,S/D,,,2,Recta,Intersección / cruce,,NO,,Hormigón,,Apto,Seca,,Ninguna,,,,No,No,No,Día,NO,Sin Restricción,Despejado,Buena,,Sin Semáforo
84407,OBSERVATORIO VIAL,2020-07-31,19:50:00,CORRIENTES,18,CAPITAL,21,CORRIENTES,Urbana,Avenida,AV MAIPU,1800,LYON,,-2.749.480,-5.881.756,0,2,0,1,1,"Atropello a peatón/es, Colisión entre vehículos",Colisión entre vehículos,S/D,,,2,Recta,Intersección / cruce,,NO,,Asfalto,,Apto,Seca,,Ninguna,,,,S/D,S/D,S/D,Noche,SI,Sin Restricción,Despejado,Buena,,Sin Semáforo
91669,OBSERVATORIO VIAL,2020-07-30,11:25:00,CORRIENTES,18,CAPITAL,21,CORRIENTES,Urbana,Avenida,AV 3 DE ABRIL,800,BUENOS AIRES,,-2.747.498,-5.884.117,1,1,0,2,0,Colisión entre vehículos,Colisión entre vehículos,S/D,,Angulo,2,Recta,Intersección / cruce,,NO,,Asfalto,,Apto,Seca,,,,,,Si,Si,No,Día,NO,Sin Restricción,Despejado,Buena,,Funciona
79532,OBSERVATORIO VIAL,2020-07-30,7:10:00,CORRIENTES,18,CAPITAL,21,CORRIENTES,Urbana,Calle,ESPAÑA,1600,RIVADAVIA,,-2.747.498,-5.883.003,2,1,0,2,0,Colisión entre vehículos,Colisión entre vehículos,S/D,,,2,Recta,Intersección / cruce,,NO,,Asfalto,,Apto,"Despejada, Seca",,Ninguna,,,,S/D,S/D,S/D,Día,NO,Sin Restricción,Nublado,Buena,,Sin Semáforo
84411,OBSERVATORIO VIAL,2020-07-28,7:42:00,CORRIENTES,18,CAPITAL,21,CORRIENTES,Urbana,Avenida,AV MAIPU,3000,LOS CONDORES,,-2.749.991,-5.881.401,1,1,0,2,0,Colisión entre vehículos,Colisión entre vehículos,S/D,,,2,Recta,Intersección / cruce,,NO,,Asfalto,,Apto,Seca,,Ninguna,,,,S/D,S/D,S/D,Día,NO,Sin Restricción,Despejado,Buena,,Sin Semáforo
75815,OBSERVATORIO VIAL,2020-07-28,0:11:00,CORRIENTES,18,CAPITAL,21,CORRIENTES,Urbana,Ruta Nacional,12,1 1/2,INGRESO Bº PIRAYUI,,-2.750.538,-5.877.347,0,2,0,1,0,Despiste,Despiste,Si,,,1,Recta,,RECTA,NO,,Asfalto,,Apto,Seca,,Ninguna,,,,No,No,No,Noche,SI,Sin Restricción,Despejado,Buena,,Sin Semáforo
87516,OBSERVATORIO VIAL,2020-07-27,13:45:00,CORRIENTES,18,CAPITAL,21,CORRIENTES,Urbana,Avenida,AV R.R.ALFONSIN,5100,SANCHEZ DE BUSTAMANTE,,-2.747.675,-5.878.789,1,1,0,2,0,Colisión entre vehículos,Colisión entre vehículos,S/D,,,2,Recta,Intersección / cruce,,NO,,Hormigón,,Apto,Seca,,Cordón Divisorio,,,,Si,No,No,Día,NO,Sin Restricción,Despejado,Buena,,Sin Semáforo
79696,OBSERVATORIO VIAL,2020-07-26,10:47:00,CORRIENTES,18,CAPITAL,21,CORRIENTES,Urbana,Calle,LA RIOJA,1000,SAN MARTIN,,-2.746.966,-5.883.828,2,0,0,2,0,Colisión entre vehículos,Colisión entre vehículos,S/D,,Angulo,2,Recta,Intersección / cruce,,NO,,Asfalto,,Apto,Seca,,Ninguna,,,,No,No,No,Día,NO,Sin Restricción,Despejado,Buena,,Sin Semáforo
90016,OBSERVATORIO VIAL,2020-07-26,12:20:00,CORRIENTES,18,CAPITAL,21,CORRIENTES,Urbana,Calle,PLACIDO MARTINEZ,1400,,,-2.746.241,-5.883.243,1,1,0,2,0,Colisión entre vehículos,Colisión entre vehículos,S/D,,,2,Recta,Intersección / cruce,,NO,,Asfalto,,,Seca,,Ninguna,,,,S/D,S/D,S/D,Día,,Sin Restricción,,,,Sin Semáforo
84409,OBSERVATORIO VIAL,2020-07-25,10:00:00,CORRIENTES,18,CAPITAL,21,CORRIENTES,Urbana,Calle,SUIZA,4300,REPUBLICA DOMINICANA,,-2.747.612,-5.881.069,1,1,0,2,0,Colisión entre vehículos,Colisión entre vehículos,S/D,,,2,Recta,Intersección / cruce,,NO,,Asfalto,,Apto,Seca,,Ninguna,,,,S/D,S/D,S/D,Día,NO,Sin Restricción,Despejado,Buena,,Sin Semáforo
88630,OBSERVATORIO VIAL,2020-07-25,12:55:00,CORRIENTES,18,CAPITAL,21,CORRIENTES,Urbana,Calle,TUCUMAN,800,BELGRANO,,-2.747.160,-5.884.196,5,0,0,4,0,Colisión entre vehículos,Colisión entre vehículos,S/D,,,4,Recta,Intersección / cruce,,NO,,Asfalto,,Apto,Seca,,Ninguna,,,,Si,No,No,Día,NO,Sin Restricción,,Buena,,Sin Semáforo
75455,OBSERVATORIO VIAL,2020-07-25,13:40:00,CORRIENTES,18,CAPITAL,21,CORRIENTES,Urbana,Calle,PAGO LARGO,200,,JUNIN,-2.746.670,-5.884.799,2,0,0,2,0,Colisión entre vehículos,Colisión entre vehículos,S/D,,,2,Recta,Intersección / cruce,,NO,,Asfalto,,Apto,Seca,,Ninguna,,,,Si,No,No,Día,NO,Sin Restricción,Nublado,Buena,,Sin Semáforo
84558,OBSERVATORIO VIAL,2020-07-25,13:11:00,CORRIENTES,18,CAPITAL,21,CORRIENTES,Urbana,Avenida,AV MAIPU,3900,GUAIQUIRARO,,-2.751.379,-5.880.720,2,0,0,2,0,,,S/D,,,2,Recta,Intersección / cruce,,NO,,Asfalto,,Apto,Seca,,Ninguna,,,,No,No,No,Día,NO,Sin Restricción,Despejado,Buena,,Sin Semáforo
75474,OBSERVATORIO VIAL,2020-07-25,12:18:00,CORRIENTES,18,CAPITAL,21,CORRIENTES,Urbana,Avenida,AV MAIPU,100,,,-2.747.754,-5.883.022,3,1,0,2,0,Colisión entre vehículos,Colisión entre vehículos,S/D,,,2,Curva,Intersección / cruce,,NO,,Asfalto,,Apto,Seca,,Ninguna,,,,S/D,S/D,S/D,Día,NO,Sin Restricción,Despejado,Buena,,Funciona
70155,OBS VIAL,2020-07-25,3:47:00,CORRIENTES,18,CAPITAL,21,CORRIENTES,Urbana,Avenida,LAPRIDA,5.200,LIBERTAD,,-2.746.787,-5.878.732,0,1,0,1,0,Choque,Choque,S/D,,Columna,1,Recta,,,NO,,Hormigón,,Apto,Mojada,,,,,,S/D,S/D,S/D,Noche,SI,Sin Restricción,,Lluvia,MALA VISIBILIZAD,Sin Semáforo
88569,OBSERVATORIO VIAL,2020-07-24,23:15:00,CORRIENTES,18,CAPITAL,21,CORRIENTES,Urbana,Calle,SANTA FE,1600,H IRIGOYEN,,-2.746.925,-5.883.060,0,1,0,1,0,Colisión entre vehículos,Colisión entre vehículos,S/D,,,1,Recta,Intersección / cruce,,NO,,Asfalto,,Apto,Seca,,Ninguna,,,,Si,Si,S/D,Noche,NO,Sin Restricción,Despejado,Buena,,Funciona
71307,Corrientes,2020-07-23,13:00:00,CORRIENTES,18,CAPITAL,21,CORRIENTES,Urbana,Avenida,Av. Maipú,2151,Reconquista,,-2.749.706,-5.881.600,2,0,0,2,0,Colisión entre vehículos,Colisión entre vehículos,S/D,,Alcance,2,Recta,Intersección / cruce,,,,,,Apto,Seca,,Cordón Divisorio,,,,Si,,,Día,NO,,Despejado,Buena,,Funciona
72391,OBS VIAL,2020-07-23,15:40:00,CORRIENTES,18,CAPITAL,21,CORRIENTES,Urbana,Avenida,AV. ARMENIA,3930,22 DE mayo,LOS TILOS,-2.746.920,-5.880.035,5,0,0,2,0,Colisión entre vehículos,Colisión entre vehículos,S/D,,Alcance,2,Recta,,,NO,,Asfalto,,Apto,Seca,,Cordón Divisorio,,,,Si,No,No,Día,NO,,Despejado,Buena,,Sin Semáforo
76041,OBSERVATORIO VIAL,2020-07-22,8:00:00,CORRIENTES,18,CAPITAL,21,CORRIENTES,Urbana,Ruta Nacional,12,2 1/2,,,-2.751.739,-5.876.832,2,0,0,2,0,Colisión entre vehículos,Colisión entre vehículos,S/D,,,2,Recta,Intersección / cruce,,NO,,Asfalto,,Apto,Seca,,Ninguna,,,,No,,,Día,NO,Sin Restricción,Despejado,Buena,,Sin Semáforo
84281,OBSERVATORIO VIAL,2020-07-22,19:50:00,CORRIENTES,18,CAPITAL,21,CORRIENTES,Urbana,Ruta Provincial,5,KM2,,,-2.748.534,-5.877.403,1,1,0,2,0,Colisión entre vehículos,Colisión entre vehículos,S/D,,,2,Recta,,RECTA,NO,,Asfalto,,Apto,Seca,,Ninguna,,,,No,Si,S/D,Noche,SI,Sin Restricción,Despejado,Buena,,Sin Semáforo
85762,OBSERVATORIO VIAL,2020-07-22,8:20:00,CORRIENTES,18,CAPITAL,21,CORRIENTES,Urbana,Avenida,AV R.R. ALFONSIN,5100,MEDRANO,,,,0,3,0,3,0,Colisión entre vehículos,Colisión entre vehículos,S/D,,"Lateral, Multiple",3,Recta,Intersección / cruce,,NO,,Asfalto,,Apto,Seca,,Cordón Divisorio,,,,S/D,S/D,S/D,Día,NO,Sin Restricción,Despejado,,,Funciona
86078,OBSERVATORIO VIAL,2020-07-22,10:43:00,CORRIENTES,18,CAPITAL,21,CORRIENTES,Urbana,Calle,SANTA FE,800,,,-2.746.695,-5.883.035,2,0,0,2,0,Colisión entre vehículos,Colisión entre vehículos,S/D,,Alcance,2,Recta,Intersección / cruce,,NO,,Asfalto,,Apto,Seca,,Ninguna,,,,No,No,No,Día,NO,Sin Restricción,Despejado,Buena,,Funciona
72266,OBS VIAL,2020-07-21,11:15:00,CORRIENTES,18,CAPITAL,21,CORRIENTES,Urbana,Calle,RIOJA,1100,SAN MARTIN,,-2.746.967,-5.883.829,1,1,0,2,0,Colisión entre vehículos,Colisión entre vehículos,S/D,,Angulo,2,Recta,Intersección / cruce,,,,Asfalto,,Apto,Seca,,Ninguna,,,,No,No,,Día,NO,Sin Restricción,Despejado,Buena,,Sin Semáforo
75819,OBSERVATORIO VIAL,2020-07-21,6:15:00,CORRIENTES,18,CAPITAL,21,CORRIENTES,Urbana,Calle,SAN LUIS,1000,H YRIGOYEN,,-2.746.813,-5.884.304,1,1,0,2,0,Colisión entre vehículos,Colisión entre vehículos,S/D,,Angulo,2,Curva,Intersección / cruce,,NO,,Hormigón,,Apto,Seca,,Ninguna,,,,Si,No,No,Amanecer,NO,Sin Restricción,Despejado,Buena,,Sin Semáforo
85306,OBSERVATORIO VIAL,2020-07-21,8:00:00,CORRIENTES,18,CAPITAL,21,CORRIENTES,Urbana,Calle,RESOAGLI,2500,LARREA,,-2.748.982,-5.880.533,2,0,0,2,0,Colisión entre vehículos,Colisión entre vehículos,S/D,,Angulo,2,Recta,Intersección / cruce,,NO,,Asfalto,,Apto,Seca,,Ninguna,,,,S/D,S/D,S/D,Día,NO,Sin Restricción,Despejado,Buena,,Sin Semáforo
76229,OBSERVATORIO VIAL,2020-07-20,0:20:00,CORRIENTES,18,CAPITAL,21,CORRIENTES,Urbana,Calle,CENTENO,1400,RIO  LIMAY,,-2.749.704,-5.883.637,2,0,0,2,0,Colisión entre vehículos,Colisión entre vehículos,S/D,,,2,Recta,Intersección / cruce,,NO,,Asfalto,,Apto,"Despejada, Seca",,Ninguna,,,,S/D,S/D,S/D,Noche,SI,Sin Restricción,Despejado,Buena,,Sin Semáforo
76541,OBSERVATORI0 VIAL,2020-07-20,13:00:00,CORRIENTES,18,CAPITAL,21,CORRIENTES,Urbana,Avenida,AV INDEPENDENCIA,3400,"J,J, CASTELLI",,-2.747.904,-5.880.979,2,0,0,2,0,Colisión entre vehículos,Colisión entre vehículos,S/D,,,2,Recta,Intersección / cruce,,NO,,Asfalto,,Apto,"Despejada, Seca",,Ninguna,,,,Si,S/D,S/D,Día,NO,Sin Restricción,Despejado,Buena,,Funciona
76292,OBSERVATORIO VIAL,2020-07-20,14:10:00,CORRIENTES,18,CAPITAL,21,CORRIENTES,Urbana,Calle,LAS PIEDRAS,1800,GENERAL PAZ,,-2.748.309,-5.880.067,1,1,0,2,0,Colisión entre vehículos,Colisión entre vehículos,S/D,,,2,Recta,Intersección / cruce,,NO,,Hormigón,,Apto,Seca,,Ninguna,,,,No,No,No,Día,NO,Sin Restricción,Despejado,Buena,,Sin Semáforo
79697,OBSERVATORIO VIAL,2020-07-20,19:23:00,CORRIENTES,18,CAPITAL,21,CORRIENTES,Urbana,Calle,SANTA CATALINA,4000,,,-2.751.103,-5.882.200,1,1,0,2,0,Colisión entre vehículos,Colisión entre vehículos,S/D,,Alcance,2,Recta,Intersección / cruce,,NO,,Asfalto,,Apto,Seca,,Cordón Divisorio,,,,S/D,S/D,S/D,Noche,SI,Sin Restricción,Despejado,Buena,,Sin Semáforo
79709,OBSERVATORIO VIAL,2020-07-16,18:10:00,CORRIENTES,18,CAPITAL,21,CORRIENTES,Urbana,Ruta Provincial,RUTA PROVINCIAL 5,1,,,-2.748.614,-5.876.972,1,1,0,2,0,Colisión entre vehículos,Colisión entre vehículos,S/D,,,2,Recta,Intersección / cruce,,,,Hormigón,,Apto,Seca,,Ninguna,,,,S/D,S/D,S/D,Atardecer,NO,Sin Restricción,Despejado,Buena,,Sin Semáforo
76321,OBSERVATORIO VIAL,2020-07-16,14:40:00,CORRIENTES,18,CAPITAL,21,CORRIENTES,Urbana,Calle,SUIZA,2700,COLOMBIA,,-2.747.510,-5.881.773,1,1,0,2,0,Colisión entre vehículos,Colisión entre vehículos,S/D,,Alcance,2,Recta,,,NO,,Hormigón,,Apto,"Despejada, Seca",,Ninguna,,,,Si,No,No,Día,NO,Sin Restricción,Despejado,Buena,,Sin Semáforo
84284,OBSERVATORIO VIAL,2020-07-12,20:05:00,CORRIENTES,18,CAPITAL,21,CORRIENTES,Urbana,Avenida,AV EL MAESTRO,2100,RAFAELA,,-2.749.719,-5.882.717,2,0,0,2,0,Colisión entre vehículos,Colisión entre vehículos,S/D,,,2,Recta,Intersección / cruce,,NO,,Asfalto,,Apto,Seca,,,,,,S/D,S/D,S/D,Noche,SI,Sin Restricción,Despejado,,,Sin Semáforo
76785,OBSERVATORIO VIAL,2020-07-12,12:11:00,CORRIENTES,18,CAPITAL,21,CORRIENTES,Urbana,Calle,NUESTRA SEÑORA DE LA ASUNCION,2653,,,-2.749.121,-5.881.981,1,1,0,2,0,Colisión entre vehículos,Colisión entre vehículos,S/D,,,2,Recta,Intersección / cruce,,,,,,Apto,Seca,,Ninguna,,,,No,No,No,,NO,Sin Restricción,Despejado,Buena,,Sin Semáforo
90004,OBSERVATORIO VIAL,2020-07-12,7:25:00,CORRIENTES,18,CAPITAL,21,CORRIENTES,Urbana,Avenida,AV.C.CORRENTINOS,3400,NIÑO JESUS,,-2.748.706,-5.880.298,2,0,0,2,0,Colisión entre vehículos,Colisión entre vehículos,S/D,,,2,Recta,Intersección / cruce,,NO,,Asfalto,,Apto,Seca,,Ninguna,,,,S/D,S/D,S/D,Día,NO,,Despejado,Buena,,Sin Semáforo
76136,OBSERVATORIO VIAL,2020-07-08,8:20:00,CORRIENTES,18,CAPITAL,21,CORRIENTES,Urbana,Avenida,AV C. CORRENTINO,4400,MEDRANO,,-2.748.762,-5.879.940,1,1,0,2,0,Colisión entre vehículos,Colisión entre vehículos,S/D,,,2,Curva,Intersección / cruce,,NO,,Asfalto,,Apto,Seca,,Ninguna,,,,Si,No,No,Día,NO,Sin Restricción,Despejado,Buena,,Funciona
85007,OBSERVATORIO VIAL,2020-07-06,0:10:00,CORRIENTES,18,CAPITAL,21,CORRIENTES,Urbana,Avenida,AV MAIPU,300,,,,,0,1,0,1,0,Despiste,Despiste,Si,,,1,Recta,Intersección / cruce,,NO,,Asfalto,,Apto,Seca,,Ninguna,,,,S/D,S/D,S/D,Noche,SI,,Nublado,Buena,,Sin Semáforo
84591,OBSERVATORIO VIAL,2020-07-06,8:05:00,CORRIENTES,18,CAPITAL,21,CORRIENTES,Urbana,Calle,SANTA FE,995,,,-2.746.918,-5.883.058,2,0,0,2,0,Colisión entre vehículos,Colisión entre vehículos,S/D,,Alcance,2,Recta,Intersección / cruce,,NO,,Asfalto,,Apto,Seca,,Ninguna,,,,No,No,No,Día,NO,Sin Restricción,Despejado,Buena,,Funciona
76034,OBSERVATORIO VIAL,2020-07-06,11:40:00,CORRIENTES,18,CAPITAL,21,CORRIENTES,Urbana,Avenida,AV MAIPU,1687,,,-2.749.383,-5.881.808,1,1,0,1,1,Atropello a peatón/es,Atropello a peatón/es,S/D,,,2,Recta,,RECTA,NO,,Asfalto,,Apto,Seca,,Ninguna,,,,S/D,S/D,S/D,Día,NO,Sin Restricción,Despejado,Buena,,Funciona
79831,OBSERVATORIO VIAL,2020-07-03,8:50:00,CORRIENTES,18,CAPITAL,21,CORRIENTES,Urbana,Avenida,AV INDEPENDENCIA,3400,CASTELLI,,-2.747.922,-5.880.983,2,0,0,2,0,Colisión entre vehículos,Colisión entre vehículos,S/D,,,2,Recta,Intersección / cruce,,NO,,Hormigón,,Apto,"Despejada, Seca",,Cordón Divisorio,,,,Si,No,No,Día,NO,Sin Restricción,Despejado,Buena,,Funciona
85763,OBSERVATORIO VIAL,2020-07-03,18:40:00,CORRIENTES,18,CAPITAL,21,CORRIENTES,Urbana,Calle,9 DE julio,1200,ESPAÑA,,,,1,1,0,2,0,Colisión entre vehículos,Colisión entre vehículos,S/D,,,2,Recta,Intersección / cruce,,NO,,Asfalto,,Apto,Seca,,Ninguna,,,,No,No,No,Día,NO,Sin Restricción,Despejado,Buena,,Sin Semáforo
87517,OBSERVATORIO VIAL,2020-07-02,20:40:00,CORRIENTES,18,CAPITAL,21,CORRIENTES,Urbana,Calle,H. IRIGOYEN,1800,JUJUY,,-2.746.948,-5.882.801,2,1,0,2,0,Colisión entre vehículos,Colisión entre vehículos,S/D,,Alcance,2,Recta,Intersección / cruce,,NO,,Asfalto,,,Seca,,Ninguna,,,,No,No,No,Noche,SI,Sin Restricción,Despejado,Buena,,Sin Semáforo
85681,OBSERVATORIO VIAL,2020-07-01,17:30:00,CORRIENTES,18,CAPITAL,21,CORRIENTES,Urbana,Avenida,AV TENIENTE IBAÑES,960,HEROES CIVILES,,-2.748.502,-5.884.070,1,1,0,2,0,Colisión entre vehículos,Colisión entre vehículos,S/D,,Lateral,2,Recta,Intersección / cruce,,NO,,Hormigón,,Apto,Seca,,Cordón Divisorio,,,,Si,S/D,S/D,Atardecer,SI,Sin Restricción,Despejado,Buena,,Sin Semáforo
88573,OBSERVATORIO VIAL,2020-07-01,13:20:00,CORRIENTES,18,CAPITAL,21,CORRIENTES,Urbana,Avenida,AV IV CENTENARIO,2900,,,-2.749.082,-5.883.817,0,1,0,1,0,"Caída desde vehículo, Colisión entre vehículos",Colisión entre vehículos,S/D,,,1,Recta,Intersección / cruce,,NO,,Asfalto,,Apto,Seca,,Ninguna,,,,No,No,No,Día,NO,Sin Restricción,Despejado,Buena,,Sin Semáforo
87716,OBSERVATORIO VIAL,2020-06-30,1:30:00,CORRIENTES,18,CAPITAL,21,CORRIENTES,Urbana,Ruta Provincial,RUTA NACIONAL 12,1024,,,-2.751.786,-5.876.819,1,0,0,1,0,"Atropello a animal/es, Colisión entre vehículos",Colisión entre vehículos,S/D,,,1,Recta,,RECTA,NO,,Hormigón,,Apto,Mojada,,Ninguna,,,,No,No,No,Noche,SI,Obra en Construcción,Nublado,Buena,,Sin Semáforo
71315,OBSERVATORIO VIAL,2020-06-30,14:30:00,CORRIENTES,18,CAPITAL,21,CORRIENTES,Urbana,Calle,GUASTAVINO,1700,GENERAL PAZ,,-2.747.743,-5.884.333,2,0,0,2,0,Colisión entre vehículos,Colisión entre vehículos,S/D,,Angulo,2,Recta,Intersección / cruce,,NO,,Asfalto,,Apto,,,,,,,No,No,No,,NO,Sin Restricción,Despejado,Buena,,Sin Semáforo
71467,Corrientes,2020-06-30,9:10:00,CORRIENTES,18,CAPITAL,21,CORRIENTES,Urbana,Avenida,INDEPENDENCIA,4191,LAS PIEDRAS,,-2.748.067,-5.880.064,2,0,0,2,0,Colisión entre vehículos,Colisión entre vehículos,S/D,,Alcance,2,Recta,Intersección / cruce,,NO,,Hormigón,,Apto,Seca,,,,,,,,,Día,NO,Sin Restricción,Despejado,Buena,,Funciona
86713,OBSERVATORIO VIAL,2020-06-29,9:39:00,CORRIENTES,18,CAPITAL,21,CORRIENTES,Urbana,Calle,LA RIOJA,1064,BOLIVAR,,-2.747.054,-5.883.839,2,0,0,2,0,Colisión entre vehículos,Colisión entre vehículos,S/D,,Alcance,2,Recta,Intersección / cruce,,NO,,Asfalto,,Apto,Seca,,Ninguna,,,,S/D,S/D,S/D,Día,NO,Sin Restricción,Despejado,Buena,,Sin Semáforo
74942,OBSERVATORIO VIAL,2020-06-27,10:37:00,CORRIENTES,18,CAPITAL,21,CORRIENTES,Urbana,Calle,ESPAÑA,1300,BELGRAO,,-2.747.278,-5.882.972,1,2,0,2,0,Colisión entre vehículos,Colisión entre vehículos,S/D,,,2,Recta,Intersección / cruce,,NO,,Asfalto,,Apto,Seca,,Ninguna,,,,Si,No,S/D,Día,NO,Sin Restricción,Nublado,Buena,,Sin Semáforo
71380,Corrientes,2020-06-27,6:00:00,CORRIENTES,18,CAPITAL,21,CORRIENTES,Urbana,Avenida,MAIPU,150,,,-2.747.814,-5.882.979,1,0,1,2,0,Choque,Choque,S/D,,En calzada,2,Recta,,,NO,,,,Apto,Seca,Corrientes,,,,,Si,,,Día,SI,Sin Restricción,Despejado,Buena,,
90042,OBSERVATORIO VIAL,2020-06-27,10:00:00,CORRIENTES,18,CAPITAL,21,CORRIENTES,Urbana,Avenida,AV MAIPU,1200,HAITI,,-2.748.792,-5.882.207,1,2,0,2,0,Colisión entre vehículos,Colisión entre vehículos,S/D,,Angulo,2,Recta,Intersección / cruce,,NO,,Asfalto,,Apto,Seca,,Ninguna,,,,Si,Si,No,Día,NO,Sin Restricción,Despejado,Buena,,Sin Semáforo
72307,OBS.VIAL,2020-06-26,6:31:00,CORRIENTES,18,CAPITAL,21,CORRIENTES,Urbana,Calle,LA MADRID,200,SUIPACHA,,-2.747.995,-5.885.152,2,0,0,2,0,Colisión entre vehículos,Colisión entre vehículos,S/D,,Frontal,2,Recta,Intersección / cruce,,,,Asfalto,,Apto,Seca,,,,,,,,,Día,NO,,Despejado,Buena,,