id_feu,unidad_regional,siniestro_fecha,siniestro_hora,provincia,id_provincia,departamento,id_departamento,localidad,zona_ocurrencia,via_publica,nombre_via,altura_km,entre_calle_1,entre_calle_2,latitud,longitud,ilesos,heridos,fallecidos,vehiculos,peatones,tipo_siniestro_multiple,tipo_siniestro_unico,despiste_previo,tipo_siniestro_otro,tipo_colision,cantidad_de_involucrados,trazado_via,configuracion_de_la_via,configuracion_de_la_via_otro_tipo,pendiente_declive,cono_de_vision,material_de_la_calzada,material_de_la_calzada_otro,estado_de_la_calzada,estado_fisico_ambiental,estado_de_conservacion_otro,division_fisica_de_la_via,division_fisica_de_la_via_otro,barreras_de_seguridad,banquinas,senalizacion_carteleria,senalizacion_horizontal,senalizacion_transitoria,luminosidad,luz_artificial,transito_restringido,estado_ambiental,visibilidad,visibilidad_otro,semaforo
72416,OBS. VIAL,2020-06-26,16:40:00,CORRIENTES,18,CAPITAL,21,CORRIENTES,Urbana,Calle,ROMULO ALTIERA,1700,VERONA,,-2.749.734,-5.877.028,2,1,0,2,0,Colisión entre vehículos,Colisión entre vehículos,S/D,,Angulo,2,Recta,Intersección / cruce,,NO,,Tierra,,,Mojada,,Ninguna,,,,Si,Si,Si,Día,NO,Sin Restricción,Nublado,,,Sin Semáforo
80927,OBSERVATORIO VIAL,2020-06-25,12:50:00,CORRIENTES,18,CAPITAL,21,CORRIENTES,Urbana,Avenida,AV MAIPU,4500,RUTA 12,,-2.752.498,-5.876.512,1,3,0,2,0,Colisión entre vehículos,Colisión entre vehículos,S/D,,,2,Curva,Intersección / cruce,,NO,,Hormigón,,Apto,Seca,,Ninguna,,,,S/D,S/D,S/D,Día,NO,Sin Restricción,Despejado,Buena,,Sin Semáforo
84577,OBSERVATORIO VIAL,2020-06-25,13:00:00,CORRIENTES,18,CAPITAL,21,CORRIENTES,Urbana,Avenida,AV ARTIGAS,1400,MORENO,,-2.747.493,-5.881.933,2,0,0,2,0,Colisión entre vehículos,Colisión entre vehículos,S/D,,Alcance,2,Recta,Intersección / cruce,,NO,,Asfalto,,Apto,Seca,,,,,,Si,S/D,S/D,Día,NO,Sin Restricción,Despejado,,,Funciona
90001,OBSERVATORIO VIAL,2020-06-25,8:45:00,CORRIENTES,18,CAPITAL,21,CORRIENTES,Urbana,Avenida,AV GOBERNADOR RUIZ,2800,,,-2.746.760,-5.881.396,1,1,0,2,0,Colisión entre vehículos,Colisión entre vehículos,S/D,,,2,Recta,Intersección / cruce,,NO,,Asfalto,,Apto,Seca,,Ninguna,,,,S/D,S/D,S/D,Día,NO,Sin Restricción,Despejado,Buena,,Sin Semáforo
75542,OBSERVATORIO VIAL,2020-06-25,13:05:00,CORRIENTES,18,CAPITAL,21,CORRIENTES,Urbana,Calle,HEROES CIVILES,2300,PERUGORRIA,,-2.748.379,-5.884.014,1,1,0,2,0,Colisión entre vehículos,Colisión entre vehículos,S/D,,,2,Recta,Intersección / cruce,,NO,,Hormigón,,Apto,Seca,,Ninguna,,,,Si,No,No,Día,NO,Sin Restricción,Nublado,Buena,,Sin Semáforo
74431,OBSERVATORIO VIAL,2020-06-23,21:22:00,CORRIENTES,18,CAPITAL,21,CORRIENTES,Urbana,Avenida,AV CENTENARIO,6000,,,-2.747.924,-5.877.940,1,1,0,2,0,Colisión entre vehículos,Colisión entre vehículos,S/D,,,2,Recta,Intersección / cruce,,NO,,Ripio,,Apto,Seca,,Ninguna,,,,No,No,No,Noche,SI,Sin Restricción,Despejado,Buena,,Sin Semáforo
86431,OBSERVATORIO VIAL,2020-06-23,19:20:00,CORRIENTES,18,CAPITAL,21,CORRIENTES,Urbana,Avenida,AV RIO CHICO,5300,BENABIDES,,-2.746.118,-5.878.267,1,1,0,2,0,Colisión entre vehículos,Colisión entre vehículos,S/D,,,2,Recta,Intersección / cruce,,NO,,Hormigón,,Apto,Seca,,Ninguna,,,,No,No,No,Noche,SI,Sin Restricción,Despejado,Buena,,Sin Semáforo
80975,OBSERVATORIO VIAL,2020-06-19,16:10:00,CORRIENTES,18,CAPITAL,21,CORRIENTES,Urbana,Avenida,AV 3 DE ABRIL,600,TUCUMAN,,-2.747.508,-5.884.227,1,1,0,2,0,Colisión entre vehículos,Colisión entre vehículos,S/D,,,2,Recta,Intersección / cruce,,NO,,Asfalto,,Apto,Seca,,Ninguna,,,,S/D,S/D,S/D,Día,NO,Sin Restricción,Despejado,Buena,,Funciona
86707,OBSERVATORIO VIAL,2020-06-19,18:50:00,CORRIENTES,18,CAPITAL,21,CORRIENTES,Urbana,Calle,CATAMARCA,1200,BOLIVAR,,-2.747.122,-5.883.344,1,2,0,2,0,Colisión entre vehículos,Colisión entre vehículos,S/D,,Angulo,2,Recta,Intersección / cruce,,NO,,Asfalto,,Apto,Seca,,Ninguna,,,,Si,S/D,S/D,Atardecer,SI,Sin Restricción,Despejado,Buena,,Sin Semáforo
77408,OBSERVATORIO VIAL,2020-06-18,8:10:00,CORRIENTES,18,CAPITAL,21,CORRIENTES,Urbana,Avenida,AV DEL IV CENTENARIO,3400,TARAGUI,,-2.749.548,-5.883.813,1,1,0,1,0,"Caída desde vehículo, Colisión entre vehículos",Colisión entre vehículos,S/D,,,1,Recta,Intersección / cruce,,NO,,Asfalto,,Apto,Seca,,Ninguna,,,,S/D,S/D,S/D,Día,NO,Sin Restricción,Despejado,Buena,,Sin Semáforo
89994,OBSERVATORIO VIAL,2020-06-18,20:15:00,CORRIENTES,18,CAPITAL,21,CORRIENTES,Urbana,Avenida,AV MAIPU,6700,ROTONDA SANTA CATALINA,,-2.752.211,-5.879.979,2,0,0,2,0,Colisión entre vehículos,Colisión entre vehículos,S/D,,,2,Curva,Rotonda,,NO,,Asfalto,,Apto,Seca,,,,,,Si,,,Noche,SI,Sin Restricción,Despejado,Buena,,Sin Semáforo
76288,OBSERVATORIO VIAL,2020-06-18,10:00:00,CORRIENTES,18,CAPITAL,21,CORRIENTES,Urbana,Calle,ELIAS ABAD,2400,,,-2.748.362,-5.884.987,1,1,0,2,0,Colisión entre vehículos,Colisión entre vehículos,S/D,,Angulo,2,Recta,Intersección / cruce,,NO,,Hormigón,,Apto,Seca,,Ninguna,,,,No,No,No,Día,NO,Sin Restricción,"Despejado, Viento",Buena,,Sin Semáforo
84083,OBSERVATORIO VIAL,2020-06-18,8:41:00,CORRIENTES,18,CAPITAL,21,CORRIENTES,Urbana,Calle,H. IRIGOYEN,2500,ITUZAINGO,,-2.747.038,-5.881.901,2,0,0,2,0,Colisión entre vehículos,Colisión entre vehículos,S/D,,Angulo,2,Recta,Intersección / cruce,,NO,,Asfalto,,Apto,Seca,,Ninguna,,,,S/D,S/D,S/D,Día,NO,Sin Restricción,Despejado,,,Sin Semáforo
84401,OBSERVATORIO VIAL,2020-06-17,22:54:00,CORRIENTES,18,CAPITAL,21,CORRIENTES,Urbana,Calle,LAS HERAS,4000,OBISPO NIELLA,,-2.748.479,-5.880.349,2,0,0,2,0,Colisión entre vehículos,Colisión entre vehículos,S/D,,,2,Recta,Intersección / cruce,,NO,,Asfalto,,Apto,Seca,,,,,,S/D,S/D,S/D,Noche,NO,Sin Restricción,Despejado,Buena,,Sin Semáforo
74003,OBSERVATORIO VIAL,2020-06-17,20:10:00,CORRIENTES,18,CAPITAL,21,CORRIENTES,Urbana,Avenida,AV R.R.ALFONSIN,4400,MEDRANO,,-2.747.521,-5.879.725,1,1,0,2,0,Colisión entre vehículos,Colisión entre vehículos,S/D,,,2,Recta,Intersección / cruce,,NO,,Asfalto,,Apto,Seca,,Ninguna,,,,Si,S/D,S/D,Noche,SI,,Despejado,Buena,,Funciona
85772,OBSERVATORIO VIAL,2020-06-17,8:29:00,CORRIENTES,18,CAPITAL,21,CORRIENTES,Urbana,Avenida,AV VERA,1400,CATAMARCA,,-2.746.127,-5.883.230,0,1,0,1,0,"Caída desde vehículo, Colisión entre vehículos",Colisión entre vehículos,S/D,,,1,Recta,Intersección / cruce,,NO,,Asfalto,,Apto,Seca,,Ninguna,,,,No,No,No,Día,NO,Sin Restricción,Despejado,Buena,,Sin Semáforo
79828,OBSERVATORIO VIAL,2020-06-17,12:45:00,CORRIENTES,18,CAPITAL,21,CORRIENTES,Urbana,Calle,MEXICO,1400,SUECIA,,-2.747.522,-5.881.642,0,2,0,2,0,Colisión entre vehículos,Colisión entre vehículos,S/D,,,2,Recta,Intersección / cruce,,NO,,Asfalto,,Apto,Seca,,Ninguna,,,,No,No,No,Día,NO,Sin Restricción,Despejado,Buena,,
88050,OBSERVATORIO VIAL,2020-06-16,11:10:00,CORRIENTES,18,CAPITAL,21,CORRIENTES,Urbana,Calle,LA CUEVA,2700,,,-2.750.664,-5.881.168,2,1,0,2,0,Colisión entre vehículos,Colisión entre vehículos,S/D,,Alcance,2,Recta,Intersección / cruce,,NO,,Asfalto,,Apto,Seca,,Ninguna,,,,S/D,S/D,S/D,Día,NO,Sin Restricción,Despejado,Buena,,Sin Semáforo
71477,Corrientes,2020-06-16,6:00:00,CORRIENTES,18,CAPITAL,21,CORRIENTES,Urbana,Avenida,MAIPU,500,TENIENTE IBAÑEZ,,-2.748.742,-5.882.223,1,2,0,2,0,Colisión entre vehículos,Colisión entre vehículos,S/D,,Angulo,2,Recta,Intersección / cruce,,NO,,Asfalto,,Apto,Seca,Corrientes,,,,,,,S/D,Día,NO,,,Buena,,Intermitente
71488,Corrientes,2020-06-16,15:45:00,CORRIENTES,18,CAPITAL,21,CORRIENTES,Urbana,Calle,ESPAÑA,1571,,,-2.747.599,-5.883.003,1,1,0,2,0,Colisión entre vehículos,Colisión entre vehículos,S/D,,Alcance,2,Recta,,,NO,,Hormigón,,Apto,Seca,,Ninguna,,,,,,,Día,NO,Sin Restricción,,,,Funciona
74042,OBSERVATORO VIAL,2020-06-16,12:45:00,CORRIENTES,18,CAPITAL,21,CORRIENTES,Urbana,Avenida,AV  3 DE ABRIL,1500,SAN LORENZO,,-2.747.615,-5.883.268,2,0,0,2,0,Colisión entre vehículos,Colisión entre vehículos,S/D,,,2,Recta,Intersección / cruce,,NO,,Hormigón,,Apto,Seca,,Ninguna,,,,Si,No,No,Día,NO,Sin Restricción,Despejado,Buena,,Sin Semáforo
74783,OBSERVATORIO VIAL,2020-06-16,16:25:00,CORRIENTES,18,CAPITAL,21,CORRIENTES,Urbana,Calle,GENERAL PAZ,300,ELIAS ABAB,,-2.747.671,-5.884.848,1,1,0,2,0,Colisión entre vehículos,Colisión entre vehículos,S/D,,Angulo,2,Recta,Intersección / cruce,,NO,,Asfalto,,Apto,Seca,,Ninguna,,,,S/D,S/D,S/D,,NO,Sin Restricción,Despejado,,,Sin Semáforo
81408,MUNICIPALIDAD DE CORRIENTES,2020-06-16,19:10:00,CORRIENTES,18,CAPITAL,21,CORRIENTES,Urbana,Avenida,JUAN PUJOL,1900,PARAGUAY,URUGUAY,-2.746.850,-5.882.662,1,1,0,2,0,Colisión entre vehículos,Colisión entre vehículos,S/D,,Alcance,2,Recta,,,NO,,Asfalto,,Apto,Seca,,,,,,,,,Noche,,,Despejado,Buena,,
86428,OBSERVATORIO VIAL,2020-06-14,7:50:00,CORRIENTES,18,CAPITAL,21,CORRIENTES,Urbana,Calle,RAWSON,4800,ONTEVERO,,-2.747.429,-5.879.217,0,2,0,2,0,Colisión entre vehículos,Colisión entre vehículos,S/D,,Angulo,2,Recta,Intersección / cruce,,NO,,Asfalto,,Apto,Seca,,Ninguna,,,,S/D,S/D,S/D,Día,NO,Sin Restricción,Despejado,Buena,,Sin Semáforo
85679,OBSERVATORIO VIAL,2020-06-13,18:00:00,CORRIENTES,18,CAPITAL,21,CORRIENTES,Urbana,Calle,SAAVEDRA,1800,CABILDO,,-2.748.075,-5.881.235,1,1,0,2,0,Colisión entre vehículos,Colisión entre vehículos,S/D,,,2,Recta,Intersección / cruce,,NO,,Ripio,,Apto,"Despejada, Seca",,Cordón Divisorio,,,,S/D,S/D,S/D,Día,NO,Sin Restricción,Despejado,Buena,,Sin Semáforo
74869,OBSERVATORIO VIAL,2020-06-13,8:00:00,CORRIENTES,18,CAPITAL,21,CORRIENTES,Urbana,Avenida,AV MAIPU,3000,,,-2.749.722,-5.881.589,0,1,0,1,0,Caída desde vehículo,Caída desde vehículo,S/D,,,1,Recta,Intersección / cruce,,NO,,Asfalto,,Apto,Mojada,,Ninguna,,,,S/D,S/D,S/D,Día,NO,Sin Restricción,Lluvia,Buena,,Sin Semáforo
71388,Corrientes,2020-06-13,8:30:00,CORRIENTES,18,CAPITAL,21,CORRIENTES,Urbana,Avenida,Av. Gdor Ruiz,2000,Av. Gdor J. Pujol,,-2.746.709,-5.882.170,2,0,0,2,0,Colisión entre vehículos,Colisión entre vehículos,S/D,,Angulo,2,Recta,Rotonda,,NO,,Hormigón,,Apto,Mojada,Corrientes,Cordón Divisorio,,,,Si,Si,No,Día,NO,,Lluvia,Buena,,Sin Semáforo
85191,OBSERVATORIO VIAL,2020-06-12,10:00:00,CORRIENTES,18,CAPITAL,21,CORRIENTES,Urbana,Avenida,AV 3 DE ABRIL,1700,ESPAÑA,,-2.747.639,-5.883.017,3,0,0,3,0,Colisión entre vehículos,Colisión entre vehículos,S/D,,Alcance,3,Recta,Intersección / cruce,,NO,,Asfalto,,Apto,Seca,,Ninguna,,,,Si,Si,No,Día,NO,Sin Restricción,Despejado,Buena,,Sin Semáforo
79462,OBSERVATORIO VIAL,2020-06-12,17:30:00,CORRIENTES,18,CAPITAL,21,CORRIENTES,Urbana,Calle,CUBA,4800,YUGOSLAVIA,,-2.750.478,-5.879.561,1,2,0,2,0,Colisión entre vehículos,Colisión entre vehículos,S/D,,Angulo,2,Recta,Intersección / cruce,,NO,,Hormigón,,Apto,Seca,,Ninguna,,,,S/D,S/D,S/D,Atardecer,NO,Sin Restricción,Despejado,Buena,,Sin Semáforo
75447,OBSERVATORIO VIAL,2020-06-12,13:45:00,CORRIENTES,18,CAPITAL,21,CORRIENTES,Urbana,Calle,ESMERALDA,4600,GOROSTIAGA,,-2.748.321,-5.879.687,1,1,0,2,0,Colisión entre vehículos,Colisión entre vehículos,S/D,,,2,Recta,Intersección / cruce,,NO,,Tierra,,Apto,Seca,,Ninguna,,,,No,No,No,Día,NO,,Nublado,Buena,,Sin Semáforo
80317,OBSERVATORIO VIAL,2020-06-11,9:43:00,CORRIENTES,18,CAPITAL,21,CORRIENTES,Urbana,Calle,MEDRANO,1700,LAVALLE,,-2.748.323,-5.879.866,1,1,0,2,0,Colisión entre vehículos,Colisión entre vehículos,S/D,,,2,Recta,Intersección / cruce,,NO,,Asfalto,,Apto,Seca,,Ninguna,,,,No,No,No,Día,NO,,Despejado,Buena,,Sin Semáforo
76290,OBSERVATORIO VIAL,2020-06-11,13:00:00,CORRIENTES,18,CAPITAL,21,CORRIENTES,Urbana,Calle,NECOCHEA,300,ELIAS ABAD,,-2.747.790,-5.884.865,1,2,0,2,0,Colisión entre vehículos,Colisión entre vehículos,S/D,,,2,Recta,Intersección / cruce,,NO,,Hormigón,,Apto,Seca,,Ninguna,,,,No,No,No,Día,NO,Sin Restricción,Despejado,Buena,,Sin Semáforo
72242,OBS.VIAL,2020-06-10,16:15:00,CORRIENTES,18,CAPITAL,21,CORRIENTES,Urbana,Avenida,CAFAYATE 2800,2200,AV. SANTA CATALINA,,-2.749.708,-5.882.123,1,1,0,2,0,Colisión entre vehículos,Colisión entre vehículos,S/D,,Frontal,2,Recta,Intersección / cruce,,,,,,Apto,Mojada,,Ninguna,,,,,,,,NO,,Lluvia,Lluvia,,
86705,OBSERVATORIO VIAL,2020-06-09,6:25:00,CORRIENTES,18,CAPITAL,21,CORRIENTES,Urbana,Calle,MENDOZA,600,PELLEGRINI,,-2.746.545,-5.883.537,1,1,0,2,0,Choque,Choque,S/D,,,2,Recta,Intersección / cruce,,NO,,Asfalto,,Apto,Seca,,Ninguna,,,,Si,Si,No,Día,NO,Sin Restricción,Despejado,Buena,,Funciona
71448,Corrientes,2020-06-08,10:30:00,CORRIENTES,18,CAPITAL,21,CORRIENTES,Urbana,Avenida,GOBERNADOR RUIZ,2200,PERU,,-2.746.671,-5.882.067,1,1,0,2,0,Colisión entre vehículos,Colisión entre vehículos,S/D,,Alcance,2,Recta,Intersección / cruce,,NO,,Asfalto,,Apto,Seca,Corrientes,Vegetación,,,,S/D,S/D,S/D,Día,NO,Sin Restricción,Nublado,Buena,,Sin Semáforo
74183,OBSERVATORIO VIAL,2020-06-08,13:25:00,CORRIENTES,18,CAPITAL,21,CORRIENTES,Urbana,Avenida,AV SARMIENTO,1845,GEERAL PAZ,,-2.747.903,-5.883.039,2,1,0,2,0,Colisión entre vehículos,Colisión entre vehículos,S/D,,,2,Recta,Intersección / cruce,,NO,,Asfalto,,Apto,Seca,,Ninguna,,,,Si,Si,S/D,Día,NO,Sin Restricción,Despejado,Buena,,Sin Semáforo
84246,OBSERVATORIO VIAL,2020-06-05,22:00:00,CORRIENTES,18,CAPITAL,21,CORRIENTES,Urbana,Calle,CARTAGENA,3200,SAAVEDRA,J.J. PASO,-2.749.255,-5.881.408,3,1,0,2,0,Colisión entre vehículos,Colisión entre vehículos,S/D,,,2,Recta,Intersección / cruce,,NO,,Hormigón,,Apto,,,,,,,S/D,S/D,S/D,Noche,SI,Sin Restricción,Nublado,Buena,,Sin Semáforo
72435,OBS.VIAL,2020-06-04,17:45:00,CORRIENTES,18,CAPITAL,21,CORRIENTES,Urbana,Calle,SAN LUIS,1096,SAN MARTIN,,-2.746.910,-5.884.307,2,2,0,2,0,Colisión entre vehículos,Colisión entre vehículos,S/D,,Angulo,2,Recta,Intersección / cruce,,,,Asfalto,,Apto,Seca,,Ninguna,,,,Si,,,Día,NO,Sin Restricción,Despejado,Buena,,Sin Semáforo
76792,OBSERVATORIO VIAL,2020-06-04,13:30:00,CORRIENTES,18,CAPITAL,21,CORRIENTES,Urbana,Calle,SAN FRANCISCO DE ASIS,5300,DUMAS,,-2.749.557,-5.878.685,0,2,0,2,0,Colisión entre vehículos,Colisión entre vehículos,S/D,,Frontal,2,Recta,Intersección / cruce,,NO,,Asfalto,,Apto,Seca,,Ninguna,,,,No,No,No,Día,NO,Sin Restricción,Despejado,Buena,,Sin Semáforo
85189,OBSERVATORIO VIAL,2020-06-04,14:00:00,CORRIENTES,18,CAPITAL,21,CORRIENTES,Urbana,Calle,BRASIL,1200,BOLIVAR,,-2.747.214,-5.882.447,2,0,0,2,0,Colisión entre vehículos,Colisión entre vehículos,S/D,,Angulo,2,Recta,Intersección / cruce,,NO,,Asfalto,,Apto,"Despejada, Seca",,Ninguna,,,,No,No,No,Día,SI,Sin Restricción,Despejado,Buena,,Sin Semáforo
74426,OBSERVATORIO VIAL,2020-06-02,10:39:00,CORRIENTES,18,CAPITAL,21,CORRIENTES,Urbana,Calle,COMODORO RIVADAVIA,1300,TRES SARGENTO,,-2.748.992,-5.883.705,1,0,0,1,0,Choque,Choque,S/D,,Inmueble,1,Recta,Intersección / cruce,,NO,,Asfalto,,Apto,Seca,,Ninguna,,,,S/D,S/D,S/D,Día,SI,Sin Restricción,Nublado,Buena,,Sin Semáforo
74868,OBSERVATORIO VIAL,2020-06-01,8:00:00,CORRIENTES,18,CAPITAL,21,CORRIENTES,Urbana,Avenida,AV PUJOL,2400,VELEZ SARSFIELD,,-2.746.847,-5.882.013,1,1,0,1,0,Caída desde vehículo,Caída desde vehículo,S/D,,,1,Recta,Intersección / cruce,,NO,,Asfalto,,Apto,Mojada,,Barrera de Hormigón,,,,S/D,S/D,S/D,Día,SI,Obra en Construcción,Lluvia,Buena,,Sin Semáforo
76109,OBSERVATORIO VIAL,2020-05-31,7:20:00,CORRIENTES,18,CAPITAL,21,CORRIENTES,Urbana,Avenida,AV LAS VIOLETAS,300,LOS LIRIOS,,-2.745.661,-5.877.695,2,1,0,2,0,Colisión entre vehículos,Colisión entre vehículos,S/D,,,2,Recta,Intersección / cruce,,,,Asfalto,,Apto,Seca,,Ninguna,,,,No,No,No,Día,NO,Sin Restricción,Nublado,Buena,,Sin Semáforo
74752,OBSERVATORIO VIAL,2020-05-30,11:00:00,CORRIENTES,18,CAPITAL,21,CORRIENTES,Urbana,Avenida,AV FERRE,2600,AV ARTIGAS,,-2.747.789,-5.881.974,1,1,0,2,0,Colisión entre vehículos,Colisión entre vehículos,S/D,,Angulo,2,Recta,Intersección / cruce,,NO,,Hormigón,,Apto,Seca,,Ninguna,,,,Si,Si,No,Día,NO,Sin Restricción,Despejado,Buena,,Funciona
85431,OBSERVATORIO VIAL,2020-05-29,7:00:00,CORRIENTES,18,CAPITAL,21,CORRIENTES,Urbana,Ruta Nacional,12,1027,,,-2.750.999,-5.877.142,1,1,0,2,0,Colisión entre vehículos,Colisión entre vehículos,S/D,,,2,Recta,Intersección / cruce,,NO,,Asfalto,,Apto,Seca,,Barrera de Hormigón,,,,Si,No,No,Amanecer,NO,Sin Restricción,Despejado,Buena,,Sin Semáforo
77084,OBSERVATORIO VIAL,2020-05-27,18:30:00,CORRIENTES,18,CAPITAL,21,CORRIENTES,Urbana,Calle,JUJUY,1200,BOLIVAR,,-2.747.175,-5.882.834,2,1,0,2,0,Colisión entre vehículos,Colisión entre vehículos,S/D,,,2,Recta,Intersección / cruce,,NO,,Asfalto,,Apto,Seca,,Ninguna,,,,No,No,No,Noche,NO,Sin Restricción,Despejado,Buena,,Sin Semáforo
70376,OBS.VIAL,2020-05-27,23:00:00,CORRIENTES,18,CAPITAL,21,CORRIENTES,Urbana,Avenida,AV MAIPU,1.800,LYON,,-2.749.478,-5.881.745,1,2,0,2,0,Colisión entre vehículos,Colisión entre vehículos,S/D,,Angulo,2,Recta,Intersección / cruce,,NO,,Hormigón,,Apto,Mojada,LLUVIA,Cordón Divisorio,,,,Si,,,Noche,SI,Sin Restricción,Lluvia,Buena,,Funciona
85764,OBSERVATORIO VIAL,2020-05-26,18:30:00,CORRIENTES,18,CAPITAL,21,CORRIENTES,Urbana,Avenida,AV RIO CHICO,5100,TULIPANES,,,,1,1,0,2,0,Colisión entre vehículos,Colisión entre vehículos,S/D,,,2,Recta,Intersección / cruce,,NO,,Asfalto,,Apto,Seca,,Ninguna,,,,No,No,No,Atardecer,NO,Sin Restricción,,Buena,,Sin Semáforo
90040,OBSERVATORIO VIAL,2020-05-25,6:10:00,CORRIENTES,18,CAPITAL,21,CORRIENTES,Urbana,Calle,MORENO,1399,VELEZSARSFIELD,,-2.747.476,-5.882.093,4,0,0,2,0,Colisión entre vehículos,Colisión entre vehículos,S/D,,,2,Recta,Intersección / cruce,,NO,,Asfalto,,Apto,Seca,,Cordón Divisorio,,,,S/D,S/D,S/D,Día,NO,Sin Restricción,Despejado,,,Sin Semáforo
74220,OBSERVATTORI VIAL,2020-05-24,7:10:00,CORRIENTES,18,CAPITAL,21,CORRIENTES,Urbana,Ruta Nacional,12,2,VERONA,,-2.749.615,-5.877.733,1,1,0,2,0,Colisión entre vehículos,Colisión entre vehículos,S/D,,,2,Recta,Intersección / cruce,,NO,,Asfalto,,Apto,Seca,,Ninguna,,,,No,No,No,Día,SI,Sin Restricción,Despejado,Buena,,Sin Semáforo
85759,OBSERVATORIO VIAL,2020-05-23,8:50:00,CORRIENTES,18,CAPITAL,21,CORRIENTES,Urbana,Avenida,AV ARMENIA,4300,JUAN AMBRISETTI,,,,2,0,0,2,0,Colisión entre vehículos,Colisión entre vehículos,S/D,,Angulo,2,Recta,Intersección / cruce,,NO,,Asfalto,,Apto,Seca,,Ninguna,,,,No,No,No,Día,NO,Sin Restricción,Despejado,Buena,,Sin Semáforo
75800,OBSERVATORIO VIAL,2020-05-22,14:17:00,CORRIENTES,18,CAPITAL,21,CORRIENTES,Urbana,Avenida,AV FERRE,2700,,,-2.747.817,-5.881.853,0,1,0,1,0,Caída desde vehículo,Caída desde vehículo,S/D,,,1,Recta,,CALZADA,NO,,Hormigón,,Apto,Seca,,Ninguna,,,,Si,S/D,S/D,Día,,Sin Restricción,Lluvia,Lluvia,,Sin Semáforo
91673,OBSERVATORIO VIAL,2020-05-22,11:30:00,CORRIENTES,18,CAPITAL,21,CORRIENTES,Urbana,Avenida,AV MAIPU,5500,FRENTE MAYORISTA MAKRO,,-2.751.963,-5.880.132,1,0,0,1,0,Colisión entre vehículos,Colisión entre vehículos,S/D,,,1,Curva,Intersección / cruce,,NO,,Asfalto,,Apto,Seca,,Ninguna,,,,No,Si,No,Día,NO,Sin Restricción,Despejado,Buena,,Sin Semáforo
85197,OBSERVATORIO VIAL,2020-05-21,16:45:00,CORRIENTES,18,CAPITAL,21,CORRIENTES,Urbana,Ruta Nacional,12,1100,TUPAK AMARU,,-2.750.062,-5.877.548,1,1,0,2,0,Colisión entre vehículos,Colisión entre vehículos,S/D,,Angulo,2,Recta,Intersección / cruce,RUTA,NO,,Asfalto,,,Despejada,,Ninguna,,,,No,No,Si,Día,SI,Sin Restricción,,Buena,,Sin Semáforo
87210,OBSERVATORIO VIAL,2020-05-19,7:40:00,CORRIENTES,18,CAPITAL,21,CORRIENTES,Urbana,Avenida,AV FERRE,1600,JUJUY,,-2.747.667,-5.882.878,2,0,0,2,0,Colisión entre vehículos,Colisión entre vehículos,S/D,,,2,Recta,Intersección / cruce,,NO,,Asfalto,,Apto,Seca,,Ninguna,,,,Si,S/D,S/D,Día,NO,Sin Restricción,Despejado,Buena,,Funciona