id_feu,unidad_regional,siniestro_fecha,siniestro_hora,provincia,id_provincia,departamento,id_departamento,localidad,zona_ocurrencia,via_publica,nombre_via,altura_km,entre_calle_1,entre_calle_2,latitud,longitud,ilesos,heridos,fallecidos,vehiculos,peatones,tipo_siniestro_multiple,tipo_siniestro_unico,despiste_previo,tipo_siniestro_otro,tipo_colision,cantidad_de_involucrados,trazado_via,configuracion_de_la_via,configuracion_de_la_via_otro_tipo,pendiente_declive,cono_de_vision,material_de_la_calzada,material_de_la_calzada_otro,estado_de_la_calzada,estado_fisico_ambiental,estado_de_conservacion_otro,division_fisica_de_la_via,division_fisica_de_la_via_otro,barreras_de_seguridad,banquinas,senalizacion_carteleria,senalizacion_horizontal,senalizacion_transitoria,luminosidad,luz_artificial,transito_restringido,estado_ambiental,visibilidad,visibilidad_otro,semaforo
74422,OBSERVATORIO VIAL,2020-05-19,8:50:00,CORRIENTES,18,CAPITAL,21,CORRIENTES,Urbana,Calle,LAVALLE,1200,MENDOZA,,-2.747.707,-5.883.665,1,1,0,2,0,Colisión entre vehículos,Colisión entre vehículos,S/D,,,2,Recta,Intersección / cruce,,NO,,Asfalto,,Apto,Seca,,Ninguna,,,,Si,S/D,S/D,Día,NO,Sin Restricción,Despejado,Buena,,Sin Semáforo
76786,OBSERVATORIO VIAL,2020-05-18,14:00:00,CORRIENTES,18,CAPITAL,21,CORRIENTES,Urbana,Calle,SAN MARTIN,1700,ESPAÑA,,-2.747.052,-5.882.946,2,0,0,2,0,Colisión entre vehículos,Colisión entre vehículos,S/D,,,2,Recta,Intersección / cruce,,NO,,Asfalto,,Apto,Seca,,Ninguna,,,,No,No,No,Día,NO,Sin Restricción,Despejado,Buena,,Sin Semáforo
80973,OBSERVATORIO VIAL,2020-05-17,6:00:00,CORRIENTES,18,CAPITAL,21,CORRIENTES,Urbana,Avenida,AV. C.CORRENTINO,5900,TRENTO,,-2.749.065,-5.878.120,0,1,0,1,0,Colisión entre vehículos,Colisión entre vehículos,S/D,,,1,Recta,Intersección / cruce,,NO,,Hormigón,,Apto,Seca,,,,,,No,S/D,S/D,Amanecer,SI,Sin Restricción,Despejado,Buena,,Sin Semáforo
88051,OBSERVATORIO VIAL,2020-05-16,7:51:00,CORRIENTES,18,CAPITAL,21,CORRIENTES,Urbana,Avenida,AV FERRE,2100,BRASIL,,-2.747.714,-5.882.507,5,0,0,2,0,Colisión entre vehículos,Colisión entre vehículos,S/D,,Alcance,2,Recta,Intersección / cruce,,NO,,Asfalto,,Apto,Seca,,Cordón Divisorio,,,,Si,No,No,Día,NO,,Despejado,,,Funciona
87512,OBSERVATORIO VIAL,2020-05-16,14:18:00,CORRIENTES,18,CAPITAL,21,CORRIENTES,Urbana,Avenida,AV C. CORRENTINO,4300,RIO JURAMENTO,,-2.748.742,-5.880.026,2,0,0,2,0,Colisión entre vehículos,Colisión entre vehículos,S/D,,Angulo,2,Recta,Intersección / cruce,,NO,,Asfalto,,Apto,Seca,,Cordón Divisorio,,,,No,No,No,Día,SI,Sin Restricción,Despejado,Buena,,Sin Semáforo
87363,OBSERVATORIO VIAL,2020-05-14,16:24:00,CORRIENTES,18,CAPITAL,21,CORRIENTES,Urbana,Calle,RIVADAVIA,1400,,,-2.747.467,-5.883.381,1,3,0,2,0,Colisión entre vehículos,Colisión entre vehículos,S/D,,,2,Recta,Intersección / cruce,,NO,,Asfalto,,Apto,Seca,,Ninguna,,,,No,No,No,Día,NO,Sin Restricción,Despejado,Buena,,Sin Semáforo
89993,OBSERVATORIO VIAL,2020-05-14,14:00:00,CORRIENTES,18,CAPITAL,21,CORRIENTES,Urbana,Avenida,AV INDEPENDENCIA,4230,,,-2.748.085,-5.880.017,1,1,0,2,0,Colisión entre vehículos,Colisión entre vehículos,S/D,,Angulo,2,Recta,,RECTA,NO,,Asfalto,,Apto,Seca,,Ninguna,,,,S/D,S/D,S/D,Día,NO,Sin Restricción,Despejado,Buena,,Sin Semáforo
81404,MUNICIPALIDAD DE CORRRIENTES,2020-05-13,22:50:00,CORRIENTES,18,CAPITAL,21,CORRIENTES,Urbana,Ruta Provincial,NUMERO 5,2 1/2,111,115,-2.748.604,-5.877.014,0,0,1,1,0,Atropello a animal/es,Atropello a animal/es,S/D,,,1,Recta,,RECTA,NO,,Asfalto,,Apto,Seca,,Ninguna,,,,No,S/D,S/D,Noche,,Sin Restricción,Despejado,Buena,,Sin Semáforo
71471,Observatorio Vial,2020-05-13,7:20:00,CORRIENTES,18,CAPITAL,21,CORRIENTES,Urbana,Calle,Pte. A. Frondizi,4250,NICARAGUA,,-2.750.269,-5.879.767,1,0,0,1,0,Despiste,Despiste,Si,,,1,Recta,Intersección / cruce,,NO,,Hormigón,,Apto,,,,,,,No,No,No,Día,NO,Sin Restricción,Nublado,Buena,,Sin Semáforo
79708,OBSERVATORIO VIAL,2020-05-10,10:30:00,CORRIENTES,18,CAPITAL,21,CORRIENTES,Urbana,Avenida,MEDRANO,2600,LARREA,,-2.749.134,-5.879.959,1,1,0,2,0,Colisión entre vehículos,Colisión entre vehículos,S/D,,Angulo,2,Recta,Intersección / cruce,,NO,,Hormigón,,Apto,Seca,,Cordón Divisorio,,,,No,No,No,Día,NO,Sin Restricción,Nublado,Buena,,Sin Semáforo
91675,OBSERVATORIO VIAL,2020-05-05,10:40:00,CORRIENTES,18,CAPITAL,21,CORRIENTES,Urbana,Calle,MENDOZA,800,9 DE julio,,-2.746.656,-5.883.549,2,0,0,2,0,Colisión entre vehículos,Colisión entre vehículos,S/D,,,2,Recta,Intersección / cruce,,NO,,Asfalto,,Apto,Seca,,Ninguna,,,,Si,Si,No,Día,SI,Sin Restricción,Despejado,Buena,,Funciona
79535,OBSERVATORIO,2020-05-03,14:10:00,CORRIENTES,18,CAPITAL,21,CORRIENTES,Urbana,Avenida,AV INDEPENDENCIA,4000,DARRAGUEIRA,,,,4,0,0,2,0,Colisión entre vehículos,Colisión entre vehículos,S/D,,Alcance,2,Recta,Intersección / cruce,,NO,,Hormigón,,Apto,Mojada,,Cordón Divisorio,,,,Si,No,No,Día,NO,Sin Restricción,Lluvia,Buena,,Sin Semáforo
73997,OBSERVATORIO VIAL,2020-04-30,16:25:00,CORRIENTES,18,CAPITAL,21,CORRIENTES,Urbana,Avenida,AV INDEPENDENCIA,3700,TACUARI,,-2.747.953,-5.880.636,1,1,0,2,0,Colisión entre vehículos,Colisión entre vehículos,S/D,,Angulo,2,Recta,Intersección / cruce,,NO,,Asfalto,,Apto,Seca,,,,,,Si,S/D,S/D,Día,SI,Sin Restricción,Despejado,Buena,,Funciona
79467,OBSERVATORIO VIAL,2020-04-28,8:50:00,CORRIENTES,18,CAPITAL,21,CORRIENTES,Urbana,Avenida,AV PUJOL,2300,ROCA,,-2.746.712,-5.882.185,1,1,0,2,0,Colisión entre vehículos,Colisión entre vehículos,S/D,,,2,Recta,Intersección / cruce,,NO,,Asfalto,,Apto,Seca,,Cordón Divisorio,,,,Si,Si,S/D,Día,NO,Sin Restricción,Nublado,Buena,,Sin Semáforo
85196,OBSERVATORIO VIAL,2020-04-23,7:00:00,CORRIENTES,18,CAPITAL,21,CORRIENTES,Urbana,Calle,ESNAOLA,400,,,-2.746.557,-5.878.932,0,1,0,1,0,"Colisión entre vehículos, Despiste",Colisión entre vehículos,Si,,,1,Recta,Intersección / cruce,,NO,,Asfalto,,Apto,Seca,,Ninguna,,,,S/D,S/D,S/D,Día,NO,Sin Restricción,Despejado,Buena,,Sin Semáforo
86710,OBSERVATORIO VIAL,2020-04-18,19:00:00,CORRIENTES,18,CAPITAL,21,CORRIENTES,Urbana,Calle,IRIGOYEN,2100,BRASIL,,-2.746.987,-5.882.418,1,2,0,2,0,Colisión entre vehículos,Colisión entre vehículos,S/D,,Alcance,2,Recta,Intersección / cruce,,NO,,Asfalto,,Apto,Seca,,Ninguna,,,,S/D,S/D,S/D,Atardecer,SI,Sin Restricción,Despejado,Buena,,Sin Semáforo
68901,OBS VIAL,2020-04-18,18:10:00,CORRIENTES,18,CAPITAL,21,CORRIENTES,Urbana,Calle,CRISTO OBRERO,4200,RAFAEL OBLIDO,,-2.746.752,-5.879.818,0,1,0,2,0,Colisión entre vehículos,Colisión entre vehículos,S/D,,Angulo,2,Recta,Intersección / cruce,,NO,,Hormigón,,Apto,"Despejada, Seca",,Ninguna,,,,Si,No,No,Día,NO,Sin Restricción,Despejado,Buena,,Sin Semáforo
74219,OBSERVATORIO VIAL,2020-04-13,12:55:00,CORRIENTES,18,CAPITAL,21,CORRIENTES,Urbana,Calle,MEDRANO,1400,BRAILE,,,,1,1,0,2,0,Colisión entre vehículos,Colisión entre vehículos,S/D,,,2,Recta,Intersección / cruce,,NO,,Hormigón,,Apto,Seca,,Ninguna,,,,S/D,S/D,S/D,Día,SI,Sin Restricción,Despejado,Buena,,Sin Semáforo
89999,OBSERVATORIO VIAL,2020-04-11,13:55:00,CORRIENTES,18,CAPITAL,21,CORRIENTES,Urbana,Calle,AYACUCHO,2700,COLOMBIA,,-2.747.058,-5.881.678,1,1,0,2,0,Colisión entre vehículos,Colisión entre vehículos,S/D,,Angulo,2,Recta,Intersección / cruce,,NO,,Asfalto,,Apto,Seca,,Ninguna,,,,Si,No,No,Día,NO,Sin Restricción,Despejado,Buena,,Sin Semáforo
72280,OBS VIAL,2020-04-10,7:30:00,CORRIENTES,18,GENERAL ALVEAR,56,,,Ruta Provincial,RATU 12,,,,-2.872.190,-5.661.667,1,1,0,2,0,Colisión entre vehículos,Colisión entre vehículos,S/D,,Angulo,2,Recta,Intersección / cruce,,NO,,Asfalto,,Apto,Despejada,,,,,,,,,Día,SI,Obra en Construcción,Despejado,Buena,,Sin Semáforo
85434,OBSERVATORIO VIAL,2020-04-09,9:30:00,CORRIENTES,18,CAPITAL,21,CORRIENTES,Urbana,Avenida,AV. CENTENARIO,3600,AV POMAR,,-2.747.276,-5.880.625,1,1,0,2,0,Colisión entre vehículos,Colisión entre vehículos,S/D,,Lateral,2,Recta,Intersección / cruce,,NO,,Asfalto,,Apto,Seca,,Ninguna,,,,Si,S/D,S/D,Día,NO,Sin Restricción,Despejado,Buena,,Sin Semáforo
91663,OBSERVATORIO VIAL,2020-04-02,12:30:00,CORRIENTES,18,CAPITAL,21,CORRIENTES,Urbana,Avenida,AV. ARTIGAS,1100,BOLIVAR,,,,2,0,0,2,0,Colisión entre vehículos,Colisión entre vehículos,S/D,,Angulo,2,Recta,Intersección / cruce,,NO,,Asfalto,,Apto,Seca,,Ninguna,,,,Si,Si,No,Día,NO,Sin Restricción,Despejado,Buena,,Sin Semáforo
79370,MUNICIPALIDAD DE LA CIUDAD DE CORRIENTES,2020-03-30,19:00:00,CORRIENTES,18,CAPITAL,21,CORRIENTES,Urbana,Avenida,AV C.CORRENTINO,2000,RECONQUISTA,,-2.748.208,-5.881.539,1,1,0,2,0,Colisión entre vehículos,Colisión entre vehículos,S/D,,,2,Recta,,,NO,,Asfalto,,Apto,Seca,,Cordón Divisorio,,,,No,No,No,Noche,NO,Sin Restricción,Nublado,Buena,,Sin Semáforo
74781,OOBSERVATORIO VIAL,2020-03-29,6:57:00,CORRIENTES,18,CAPITAL,21,CORRIENTES,Urbana,Avenida,AV R.R. ALFONSIN,3535,,,-2.747.255,-5.880.702,1,0,0,1,0,Despiste,Despiste,Si,,,1,Recta,Intersección / cruce,,NO,,Asfalto,,Apto,Seca,,Ninguna,,,,Si,S/D,S/D,Amanecer,NO,Sin Restricción,Despejado,Buena,,Sin Semáforo
85186,OBSERVATORIO VIAL,2020-03-29,10:05:00,CORRIENTES,18,CAPITAL,21,CORRIENTES,Urbana,Avenida,AV 3 DE ABRIL,1700,ESPAÑA,,-2.747.639,-5.883.017,0,1,0,1,0,"Caída desde vehículo, Colisión entre vehículos",Colisión entre vehículos,S/D,,,1,Recta,Intersección / cruce,,NO,,Asfalto,,Apto,Seca,,Ninguna,,,,Si,Si,No,Día,NO,Sin Restricción,Despejado,Buena,,Funciona
79839,OBSERVATORIO VIAL,2020-03-28,15:25:00,CORRIENTES,18,CAPITAL,21,CORRIENTES,Urbana,Avenida,AV INDEPENDENCIA,3400,CASTELLI,,-2.747.922,-5.880.983,2,1,0,2,0,Colisión entre vehículos,Colisión entre vehículos,S/D,,,2,Recta,Intersección / cruce,,NO,,Hormigón,,Apto,Seca,,Ninguna,,,,Si,No,No,Atardecer,NO,Sin Restricción,Despejado,Buena,,Funciona
71366,Corrientes,2020-03-28,12:45:00,CORRIENTES,18,CAPITAL,21,CORRIENTES,Rural,Ruta Provincial,5,1900,,,-2.748.733,-5.876.570,1,1,0,2,0,Colisión entre vehículos,Colisión entre vehículos,S/D,,Lateral,2,Recta,Intersección / cruce,,NO,,Asfalto,,Apto,,,,,,,Si,,,Día,NO,Sin Restricción,Despejado,Buena,,
77240,OBSERVATORIO VIAL,2020-03-28,16:00:00,CORRIENTES,18,CAPITAL,21,CORRIENTES,Urbana,Calle,CATAMARCA,1300,BELGRANO,,-2.747.238,-5.883.357,1,1,0,2,0,Colisión entre vehículos,Colisión entre vehículos,S/D,,,2,Recta,Intersección / cruce,,NO,,Hormigón,,Apto,Seca,,Ninguna,,,,No,No,No,Día,NO,,Nublado,,,Sin Semáforo
84948,OBSERVATORIO VIAL,2020-03-20,12:30:00,CORRIENTES,18,CAPITAL,21,CORRIENTES,Urbana,Avenida,AV.C.CORRENTINO,5900,RUTA 12,,,,1,0,0,1,0,"Colisión entre vehículos, Vuelco (solo 1 participante)",Colisión entre vehículos,S/D,,,1,Recta,Intersección / cruce,,NO,,Asfalto,,Apto,Seca,,Ninguna,,,,No,No,No,Día,NO,Sin Restricción,Despejado,Buena,,Funciona
73994,OBSERVATORIO VIAL,2020-03-19,18:40:00,CORRIENTES,18,CAPITAL,21,CORRIENTES,Urbana,Avenida,AV SANTA ROSA,2000,LAS HERAS,,-2.748.239,-5.882.053,3,2,0,2,0,Colisión entre vehículos,Colisión entre vehículos,S/D,,,2,Recta,Intersección / cruce,,NO,,Hormigón,,Apto,"Despejada, Seca",,,,,,No,No,No,Día,NO,Sin Restricción,Despejado,Buena,,Sin Semáforo
74782,OBSERVATORIO VIAL,2020-03-16,13:00:00,CORRIENTES,18,CAPITAL,21,CORRIENTES,Urbana,Calle,ALTE BROWN,4900,ARAOZ,,-2.747.906,-5.879.184,0,1,0,2,0,Colisión entre vehículos,Colisión entre vehículos,S/D,,Alcance,2,Recta,Intersección / cruce,,NO,,Tierra,,Apto,"Despejada, Seca",,Ninguna,,,,No,No,No,Día,NO,Sin Restricción,Despejado,Buena,,Sin Semáforo
80324,OBSERVATORIO VIAL,2020-03-15,17:50:00,CORRIENTES,18,CAPITAL,21,CORRIENTES,Urbana,Avenida,AV C.CORRENTINO,4000,GUEMES,,-2.748.653,-5.880.829,2,0,0,2,0,,,S/D,,,2,Recta,Intersección / cruce,,NO,,Asfalto,,Apto,Seca,,Ninguna,,,,S/D,S/D,S/D,Día,NO,Sin Restricción,Despejado,Buena,,Sin Semáforo
76211,OBSERVATORIO VIAL,2020-03-14,10:08:00,CORRIENTES,18,CAPITAL,21,CORRIENTES,Urbana,Avenida,AV C.CORRENTINOS,4100,LAS PIEDRAS,,-2.748.733,-5.880.142,1,1,0,2,0,Colisión entre vehículos,Colisión entre vehículos,S/D,,Angulo,2,Recta,Intersección / cruce,,NO,,Asfalto,,,"Despejada, Seca",,Ninguna,,,,Si,No,No,Día,,Sin Restricción,Despejado,Buena,,Funciona
80337,OBSERVATORIO VIAL,2020-03-13,18:45:00,CORRIENTES,18,CAPITAL,21,CORRIENTES,Urbana,Calle,COLOMBIA,1100,SAN MARTIN,,-2.747.175,-5.881.701,0,2,0,2,0,Colisión entre vehículos,Colisión entre vehículos,S/D,,,2,Recta,Intersección / cruce,,NO,,Hormigón,,Apto,Seca,,Ninguna,,,,No,No,No,Atardecer,SI,Sin Restricción,Despejado,Buena,,Sin Semáforo
75162,OBSERVAORIO VIAL,2020-03-12,13:50:00,CORRIENTES,18,CAPITAL,21,CORRIENTES,Urbana,Avenida,AV JUAN DE VERA,1200,PJE MANTILLA,,-2.746.119,-5.883.489,2,0,0,2,0,Colisión entre vehículos,Colisión entre vehículos,S/D,,,2,Curva,Intersección / cruce,,NO,,Asfalto,,Apto,Seca,,Ninguna,,,,S/D,S/D,S/D,Día,SI,Sin Restricción,Despejado,Buena,,Sin Semáforo
81042,OBSERVATORIO VIAL,2020-03-12,15:30:00,CORRIENTES,18,CAPITAL,21,CORRIENTES,Urbana,Avenida,AV MAIPU,2100,VALPARAISO,,-2.749.724,-5.881.588,0,2,0,2,0,Colisión entre vehículos,Colisión entre vehículos,S/D,,,2,Recta,Intersección / cruce,,NO,,Hormigón,,Apto,Seca,,Ninguna,,,,S/D,S/D,S/D,Día,NO,Sin Restricción,Despejado,Buena,,Sin Semáforo
80346,OBSERVATORIO VIAL,2020-03-11,18:50:00,CORRIENTES,18,CAPITAL,21,CORRIENTES,Urbana,Avenida,AV MAIPU,1150,HAITI,,-2.748.782,-5.882.207,3,1,0,2,0,Colisión entre vehículos,Colisión entre vehículos,S/D,,Angulo,2,Recta,Intersección / cruce,,NO,,Hormigón,,Apto,Seca,,Ninguna,,,,No,No,No,Noche,SI,Sin Restricción,Despejado,Buena,,Sin Semáforo
81277,OBSERVATORIO VIAL,2020-03-11,11:51:00,CORRIENTES,18,CAPITAL,21,CORRIENTES,Urbana,Calle,LA RIOJA,1047,,,-2.746.906,-5.883.819,1,1,0,2,0,Colisión entre vehículos,Colisión entre vehículos,S/D,,,2,Recta,,RECTA,NO,,Asfalto,,Apto,Seca,,Ninguna,,,,Si,No,No,Día,NO,Sin Restricción,Despejado,Buena,,Sin Semáforo
85010,OBSERVATORIO VIAL,2020-03-11,11:15:00,CORRIENTES,18,CAPITAL,21,CORRIENTES,Urbana,Avenida,AV RIO CHICO,6715,,,,,0,1,0,1,0,Despiste,Despiste,Si,,,1,Recta,Intersección / cruce,,NO,,Asfalto,,Apto,Seca,,Ninguna,,,,No,No,No,Día,SI,Sin Restricción,Nublado,Buena,,Sin Semáforo
71296,OBS VIAL,2020-03-10,20:20:00,CORRIENTES,18,CAPITAL,21,CORRIENTES,Urbana,Avenida,3 DE abril,2600,ARTIGAS,,-2.747.831,-5.882.011,2,0,0,2,0,Colisión entre vehículos,Colisión entre vehículos,S/D,,Alcance,2,Recta,,,,,Hormigón,,Apto,Seca,,,,,,Si,Si,,Noche,SI,,Despejado,Buena,,Funciona
74521,OBSERVATORIO VIAL,2020-03-07,10:20:00,CORRIENTES,18,CAPITAL,21,CORRIENTES,Urbana,Avenida,AV ARMENIA,2900,BON PLAN,,-2.746.739,-5.881.252,2,1,1,4,0,Colisión entre vehículos,Colisión entre vehículos,S/D,,,4,Recta,Intersección / cruce,,NO,,Hormigón,,Apto,Seca,,Ninguna,,,,Si,S/D,S/D,Día,NO,Sin Restricción,Nublado,Buena,,Sin Semáforo
81285,OBSERVATORIO VIAL,2020-03-07,5:50:00,CORRIENTES,18,CAPITAL,21,CORRIENTES,Urbana,Avenida,AYACUCHO,2659,,,-2.747.060,-5.881.722,1,0,0,1,0,Choque,Choque,S/D,ATROPELLO ARBOL,Arbol,1,Recta,Intersección / cruce,,NO,,Asfalto,,Apto,,,,,,,S/D,S/D,S/D,Amanecer,SI,Sin Restricción,Despejado,Buena,,Sin Semáforo
84947,OBSERVATORIO VIAL,2020-03-06,19:30:00,CORRIENTES,18,CAPITAL,21,CORRIENTES,Urbana,Avenida,AV PUJOL,1700,PAMPIN,,-4.000.000,-6.100.000,1,1,0,2,0,Colisión entre vehículos,Colisión entre vehículos,S/D,,Angulo,2,Curva,Intersección / cruce,,,,,,Apto,Seca,,Otro,,,,No,No,No,Noche,NO,Sin Restricción,Despejado,Buena,,Sin Semáforo
85437,OBSERVATORIO VIAL,2020-03-05,21:40:00,CORRIENTES,18,CAPITAL,21,CORRIENTES,Urbana,Avenida,AV MAIPU,900,AUSTRALIA,,-2.748.603,-5.882.352,2,0,0,2,0,Colisión entre vehículos,Colisión entre vehículos,S/D,,,2,Recta,Intersección / cruce,,NO,,Asfalto,,Apto,Seca,,Ninguna,,,,S/D,S/D,S/D,Noche,NO,Sin Restricción,Despejado,Buena,,Sin Semáforo
74529,OBSERVATORIO VIAL,2020-03-03,16:45:00,CORRIENTES,18,CAPITAL,21,CORRIENTES,Urbana,Avenida,AV INDEPEDENCIA,4200,LAS PIERAS,,-2.748.079,-5.880.050,1,1,0,2,0,Colisión entre vehículos,Colisión entre vehículos,S/D,,,2,Recta,Intersección / cruce,,NO,,Hormigón,,Apto,Seca,,Ninguna,,,,Si,Si,S/D,Día,NO,Sin Restricción,Despejado,Buena,,Funciona
74072,OBSERVATORIO VIAL,2020-03-02,18:30:00,CORRIENTES,18,CAPITAL,21,CORRIENTES,Urbana,Ruta Provincial,RUTA 5,"KM 2,5",,,-2.748.529,-5.877.458,1,1,0,2,0,Colisión entre vehículos,Colisión entre vehículos,S/D,,,2,Recta,Intersección / cruce,,NO,,Asfalto,,Apto,Seca,,,,,,No,S/D,S/D,Día,SI,Sin Restricción,Despejado,Buena,,Sin Semáforo
74891,OBSERVATORIO VIAL,2020-03-02,10:39:00,CORRIENTES,18,CAPITAL,21,CORRIENTES,Urbana,Avenida,AV. C.CORRENTINO,4200,LAS PIEDRAS,,-2.748.726,-5.880.145,1,1,0,1,1,Atropello a animal/es,Atropello a animal/es,S/D,,,2,Recta,Intersección / cruce,,NO,,Asfalto,,Apto,Seca,,Ninguna,,,,No,No,No,Día,NO,Sin Restricción,Despejado,Buena,,Sin Semáforo
84080,OBSERVATORIO VIAL,2020-03-01,10:50:00,CORRIENTES,18,CAPITAL,21,CORRIENTES,Urbana,Avenida,AV MAIPU,500,,,-2.748.263,-5.882.633,1,1,0,2,0,Colisión entre vehículos,Colisión entre vehículos,S/D,,Alcance,2,Recta,Intersección / cruce,,NO,,Asfalto,,Apto,Seca,,Ninguna,,,,Si,Si,S/D,Día,NO,Sin Restricción,Despejado,Buena,,Sin Semáforo
76311,OBSERVATORIO VIAL,2020-02-29,12:45:00,CORRIENTES,18,CAPITAL,21,CORRIENTES,Urbana,Avenida,AV VERA,1400,CATAMARCA,,-2.746.127,-5.883.230,2,0,0,2,0,Colisión entre vehículos,Colisión entre vehículos,S/D,,Alcance,2,Recta,Intersección / cruce,,SI,,Asfalto,,Apto,Seca,,Ninguna,,,,No,Si,No,Día,NO,Desvío Provisorio,Despejado,Buena,,Sin Semáforo
74186,OBSERVATORIO VIAL,2020-02-29,22:30:00,CORRIENTES,18,CAPITAL,21,CORRIENTES,Urbana,Calle,PARAGUAY,1900,LAVALLE,,-2.747.790,-5.882.762,1,1,0,2,0,Colisión entre vehículos,Colisión entre vehículos,S/D,,,2,Recta,Intersección / cruce,,NO,,Asfalto,,Apto,Seca,,Ninguna,,,,No,No,No,Noche,SI,Sin Restricción,Despejado,Buena,,Sin Semáforo
75165,OBSERVATORIO VIAL,2020-02-29,13:40:00,CORRIENTES,18,CAPITAL,21,CORRIENTES,Urbana,Avenida,AV FERRE,1700,ROCA,,-2.747.730,-5.882.368,3,2,0,3,0,Colisión entre vehículos,Colisión entre vehículos,S/D,,,3,Recta,Intersección / cruce,,NO,,Hormigón,,Apto,Seca,,Ninguna,,,,Si,Si,No,Día,NO,Sin Restricción,Despejado,Buena,,Funciona
79463,OBSERVATORIO VIAL,2020-02-27,11:00:00,CORRIENTES,18,CAPITAL,21,CORRIENTES,Urbana,Avenida,AV R.R.ALFONSIN,3046,,,,,2,0,0,2,0,Colisión entre vehículos,Colisión entre vehículos,S/D,,,2,Recta,Intersección / cruce,,NO,,,,Apto,Seca,,Ninguna,,,,Si,S/D,S/D,Día,NO,Sin Restricción,Despejado,Buena,,
86425,OBSERVATORIO VIAL,2020-02-26,8:25:00,CORRIENTES,18,CAPITAL,21,CORRIENTES,Urbana,Calle,LUIS BRAILE,4800,SAENZ,,-2.748.100,-5.879.330,2,1,0,3,0,Colisión entre vehículos,Colisión entre vehículos,S/D,,Angulo,3,Recta,Intersección / cruce,,NO,,Asfalto,,Apto,Seca,,Ninguna,,,,S/D,S/D,S/D,Día,NO,Sin Restricción,Despejado,Buena,,Sin Semáforo
87714,OBSERVATORIO VIAL,2020-02-26,23:00:00,CORRIENTES,18,CAPITAL,21,CORRIENTES,Urbana,Calle,AV INDEPENDENCIA,1500,MEDRANO,,-2.748.171,-5.879.839,2,0,0,2,0,Colisión entre vehículos,Colisión entre vehículos,S/D,,Alcance,2,Recta,Intersección / cruce,,NO,,Hormigón,,Apto,Seca,,Cordón Divisorio,,,,Si,No,No,Noche,SI,Sin Restricción,Nublado,Buena,,Funciona
74043,OBSERVATORIO VIAL,2020-02-26,6:45:00,CORRIENTES,18,CAPITAL,21,CORRIENTES,Urbana,Calle,AYACUCHO,2950,ESTADOS UNIDOS,,-2.747.094,-5.881.356,0,2,0,2,0,Colisión entre vehículos,Colisión entre vehículos,S/D,,,2,Recta,Intersección / cruce,,NO,,Asfalto,,Apto,Seca,,Ninguna,,,,No,,,Día,NO,Sin Restricción,Despejado,Buena,,Sin Semáforo